Genre,Song,singer,bio,Lyrics
Country,Tequila,Dan + Shay,https://en.wikipedia.org/wiki/Dan_%2B_Shay,https://genius.com/Dan-shay-tequila-lyrics
Country,She Got The Best Of Me,Luke Combs,https://en.wikipedia.org/wiki/Luke_Combs,https://genius.com/Luke-combs-she-got-the-best-of-me-lyrics
Country,Love Wins,Carrie Underwood,https://en.wikipedia.org/wiki/Carrie_Underwood,https://genius.com/Carrie-underwood-love-wins-lyrics
Pop,"Thank U, Next",Ariana Grande,https://en.wikipedia.org/wiki/Ariana_Grande,https://genius.com/Ariana-grande-thank-u-next-lyrics
Pop,Girls Like You,Maroon 5,https://en.wikipedia.org/wiki/Maroon_5,https://genius.com/Maroon-5-girls-like-you-remix-lyrics
Pop,Happier,Marshmello,https://en.wikipedia.org/wiki/Marshmello,https://genius.com/Marshmello-and-bastille-happier-lyrics
R&B,Sicko Mode,Travis Scott,https://en.wikipedia.org/wiki/Travis_Scott,https://genius.com/Travis-scott-sicko-mode-lyrics
R&B,Lucid Dreams,Juice WRLD,https://en.wikipedia.org/wiki/Juice_Wrld,https://genius.com/Juice-wrld-lucid-dreams-lyrics
R&B,Better Now,Post Malone,https://en.wikipedia.org/wiki/Post_Malone,https://genius.com/Post-malone-better-now-lyrics